Fase,Fase Detallada,Nº,Actividad,Descripción,Entregables,Responsables,Duración (días),Fecha Inicio,Fecha Fin,Estado
FASE DE INICIO (Inception),1,1,Definición del Alcance,Identificar el alcance del Sistema de Gestión de Inventario de Bienes. Determinar objetivos, límites y exclusiones del sistema.,Documento de Alcance,Cordinador de Proyecto,Business Analyst,Gestor de Inventario,10,,
FASE DE INICIO (Inception),1,2,Estudio de Viabilidad,Analizar factibilidad técnica, económica y operativa del sistema basado en Laravel 12 con SQLite.,Informe de Viabilidad,Todos,8,,
FASE DE INICIO (Inception),1,3,Identificación de Stakeholders,Mapeo de todos los interesados: usuarios finales, administradores, responsables patrimoniales, autoridades.,Matriz de Stakeholders,Analista de Negocio,6,,
FASE DE INICIO (Inception),1,4,Visión del Sistema,Establecer la visión general del sistema de inventario patrimonial con jerarquía Organismo > Unidad > Dependencia > Bien.,Documento de Visión,Product Owner,Gestor de Inventario,5,,
FASE DE INICIO (Inception),1,5,Requisitos de Negocio Iniciales,Recopilar requisitos funcionales básicos: registro de bienes, movimientos, reportes, auditoría.,Backlog Inicial de Requisitos,Analista de Negocio,Gestor de Inventario,7,,
FASE DE INICIO (Inception),1,6,Escenario Económico,Estimar costos iniciales, recursos necesarios y ROI del proyecto.,Estimación de Costos,PMO,5,,
FASE DE INICIO (Inception),1,7,Evaluación de Riesgos Inicial,Identificar riesgos principales del proyecto (técnicos, operativos, de datos históricos).,Registro de Riesgos Inicial,Todos,3,,
FASE DE INICIO (Inception),1,8,Plan de Trabajo Inicial,Definir cronograma preliminar y hitos principales.,Plan Preliminar,Gestor de Proyecto,4,,,
FASE DE ELABORACIÓN (Elaboration),2,1,Arquitectura del Sistema,Diseñar arquitectura técnica: MVC Laravel, base de datos relacional, APIs para código único.,Documento de Arquitectura Técnica,Arquitecto,Líder Técnico,15,,,
FASE DE ELABORACIÓN (Elaboration),2,2,Modelado de Datos,Crear diagramas ER y relaciones: Organismo, UnidadAdministradora, Dependencia, Bien, Usuario, Movimiento, Responsable.,Diagramas ER,DBA,Arquitecto,8,,,
FASE DE ELABORACIÓN (Elaboration),2,3,Diseño de Base de Datos,Implementar migraciones con campos en español, relaciones foráneas, índices y constraints.,Migraciones SQL,Listo,7,,,
FASE DE ELABORACIÓN (Elaboration),2,4,Autenticación y Seguridad,Diseñar sistema de login con correo, roles (Admin/Normal), permisos y métodos canDeleteData/canDeleteUser.,Documento de Seguridad,Desarrollador Backend,Especialista en Seguridad,10,,,
FASE DE ELABORACIÓN (Elaboration),2,5,Servicios de Código Único,Desarrollar CodigoUnicoService y CodigoJerarquicoService para generación automática de códigos patrimoniales.,Código Fuente Services,Desarrollador Backend,Arquitecto,6,,,
FASE DE ELABORACIÓN (Elaboration),2,6,Diseño de Casos de Uso,Crear diagrama de casos de uso completo (registro, edición, filtrado, reportes, exportación Excel).,Diagrama Casos de Uso,Analista,Desarrollador Frontend,8,,,
FASE DE ELABORACIÓN (Elaboration),2,7,Selección de Tecnologías,Confirmar stack: Laravel 12, Blade, Tailwind CSS, Vite, SQLite, Heroicons.,Documento Tecnología,Gestor de Proyecto,Arquitecto,2,,,
FASE DE ELABORACIÓN (Elaboration),2,8,Prototipo de Interfaz,Crear mockups y prototipo de vistas principales con Tailwind CSS y Blade.,Prototipo UI/UX,Diseñador,Desarrollador Frontend,10,,,
FASE DE ELABORACIÓN (Elaboration),2,9,Refinamiento de Requisitos,Detallar requisitos técnicos: tipos de bienes (ELECTRONICO, VEHICULO, etc.), estados, validaciones.,Especificación Técnica,Analista,Business Analyst,8,,,
FASE DE ELABORACIÓN (Elaboration),2,10,Estrategia de Pruebas,Definir estrategia de pruebas unitarias (PHPUnit) y pruebas manuales.,Plan de Pruebas,QA Lead,5,,,
FASE DE CONSTRUCCIÓN (Construction),3,1,Desarrollo Modelos Eloquent,Crear modelos: Organismo, UnidadAdministradora, Dependencia, Bien, Usuario, Responsable, Movimiento, Reporte, Auditoria.,Modelos PHP,Listo,Wilmer,12,,,
FASE DE CONSTRUCCIÓN (Construction),3,2,Desarrollo Controladores,Implementar controladores resource con validate(), eager loading y paginación.,Controladores PHP,Wilmer,15,,,
FASE DE CONSTRUCCIÓN (Construction),3,3,Desarrollo Vistas Blade,Crear plantillas Blade con Heroicons, formularios para cada entidad, filtros y reportes.,Plantillas Blade,Wilmer,18,,,
FASE DE CONSTRUCCIÓN (Construction),3,4,Validaciones Frontend,Implementar JavaScript para validación de códigos, límites de caracteres, campos dinámicos.,Scripts JS,Wilmer,10,,,
FASE DE CONSTRUCCIÓN (Construction),3,5,Exportación Excel,Desarrollar BienExcelController para exportar inventario a Excel.,Endpoint Exportación,Wilmer,5,,,
FASE DE CONSTRUCCIÓN (Construction),3,6,Pruebas Unitarias,Crear pruebas con PHPUnit: tests de modelos, controladores y servicios.,Tests PHPUnit,QA,Wilmer,12,,,
FASE DE CONSTRUCCIÓN (Construction),3,7,Pruebas de Integración,Verificar integración completa: auth, CRUD, filtros, reportes.,Reporte de Pruebas,Wilmer,QA Lead,8,,,
FASE DE CONSTRUCCIÓN (Construction),3,8,Corrección de Bugs,Resolver bugs críticos y de validación encontrados en pruebas.,Bugs Resueltos,Wilmer,QA,6,,,
FASE DE CONSTRUCCIÓN (Construction),3,9,Formato y Estilo, Ejecutar Laravel Pint para formateo de código y documentación.,Código Formateado,Wilmer,2,,,
FASE DE CONSTRUCCIÓN (Construction),3,10,Build de Producción,Ejecutar npm run build para generar assets de producción.,Assets Producción,Wilmer,1,,,
FASE DE CONSTRUCCIÓN (Construction),3,11,Pruebas de Usuario,Validar el sistema con usuarios reales y responsables patrimoniales.,Feedback Usuario,Gestor de Inventario,Wilmer,QA Lead,7,,,
FASE DE CONSTRUCCIÓN (Construction),3,12,Despliegue Inicial,Desplegar sistema en ambiente de staging para pruebas piloto.,Sistema en Staging,Wilmer,Arquitecto,3,,,
TOTAL,,,"",,,TOTAL HORAS: 198,LISTO,Wilmer